Country,Patientgroup,Drug,res_mut,sens_mut,res_nomut,sens_nomut,Sensitivity,Specificity,PPV,NPV,Samplesize,Mutations
AZE,All patients,amk,37,1,5,215,0.880952381,0.99537037,0.973684211,0.977272727,258,38
BGD,All patients,amk,0,0,0,0,,,,,0,0
BLR,All patients,amk,21,2,3,155,0.875,0.987261146,0.913043478,0.981012658,181,23
Global,All patients,amk,114,6,19,2918,0.857142857,0.997948016,0.95,0.993530814,3057,120
PAK,All patients,amk,0,0,0,0,,,,,0,0
PHL,All patients,amk,0,0,0,0,,,,,0,0
UKR,All patients,amk,54,3,4,1072,0.931034483,0.997209302,0.947368421,0.996282528,1133,57
ZAF_GP,All patients,amk,0,0,4,841,0,1,,0.995266272,845,0
ZAF_KZN,All patients,amk,2,0,3,635,0.4,1,1,0.995297806,640,2
AZE,New Patients,amk,20,0,2,124,0.909090909,1,1,0.984126984,146,20
BGD,New Patients,amk,0,0,0,0,,,,,0,0
BLR,New Patients,amk,10,0,0,122,1,1,1,1,132,10
PAK,New Patients,amk,0,0,0,0,,,,,0,0
PHL,New Patients,amk,0,0,0,0,,,,,0,0
UKR,New Patients,amk,31,2,3,859,0.911764706,0.99767712,0.939393939,0.996519722,895,33
ZAF_GP,New Patients,amk,0,0,3,622,0,1,,0.9952,625,0
ZAF_KZN,New Patients,amk,1,0,3,415,0.25,1,1,0.992822967,419,1
AZE,Previously treated,amk,17,1,3,91,0.85,0.989130435,0.944444444,0.968085106,112,18
BGD,Previously treated,amk,0,0,0,0,,,,,0,0
BLR,Previously treated,amk,11,2,3,33,0.785714286,0.942857143,0.846153846,0.916666667,49,13
PAK,Previously treated,amk,0,0,0,0,,,,,0,0
PHL,Previously treated,amk,0,0,0,0,,,,,0,0
UKR,Previously treated,amk,23,1,1,213,0.958333333,0.995327103,0.958333333,0.995327103,238,24
ZAF_GP,Previously treated,amk,0,0,0,137,,1,,1,137,0
ZAF_KZN,Previously treated,amk,1,0,0,119,1,1,1,1,120,1
AZE,Rif resistant,amk,31,1,4,92,0.885714286,0.989247312,0.96875,0.958333333,128,32
BGD,Rif resistant,amk,0,0,0,0,,,,,0,0
BLR,Rif resistant,amk,20,2,2,69,0.909090909,0.971830986,0.909090909,0.971830986,93,22
Global,Rif resistant,amk,106,6,10,527,0.913793103,0.988742964,0.946428571,0.981378026,649,112
PAK,Rif resistant,amk,0,0,0,0,,,,,0,0
PHL,Rif resistant,amk,0,0,0,0,,,,,0,0
UKR,Rif resistant,amk,53,3,3,295,0.946428571,0.989932886,0.946428571,0.989932886,354,56
ZAF_GP,Rif resistant,amk,0,0,1,41,0,1,,0.976190476,42,0
ZAF_KZN,Rif resistant,amk,2,0,0,30,1,1,1,1,32,2
AZE,Rif susceptible,amk,6,0,1,123,0.857142857,1,1,0.991935484,130,6
BGD,Rif susceptible,amk,0,0,0,0,,,,,0,0
BLR,Rif susceptible,amk,1,0,1,86,0.5,1,1,0.988505747,88,1
Global,Rif susceptible,amk,8,0,9,2388,0.470588235,1,1,0.996245307,2405,8
PAK,Rif susceptible,amk,0,0,0,0,,,,,0,0
PHL,Rif susceptible,amk,0,0,0,0,,,,,0,0
UKR,Rif susceptible,amk,1,0,1,777,0.5,1,1,0.998714653,779,1
ZAF_GP,Rif susceptible,amk,0,0,3,800,0,1,,0.99626401,803,0
ZAF_KZN,Rif susceptible,amk,0,0,3,602,0,1,,0.995041322,605,0
AZE,All patients,cap,38,0,11,210,0.775510204,1,1,0.950226244,259,38
BGD,All patients,cap,0,0,0,0,,,,,0,0
BLR,All patients,cap,21,2,1,153,0.954545455,0.987096774,0.913043478,0.993506494,177,23
Global,All patients,cap,99,23,39,3046,0.717391304,0.992505702,0.81147541,0.987358185,3207,122
PAK,All patients,cap,1,1,2,149,0.333333333,0.993333333,0.5,0.986754967,153,2
PHL,All patients,cap,0,0,0,0,,,,,0,0
UKR,All patients,cap,37,20,7,1069,0.840909091,0.981634527,0.649122807,0.993494424,1133,57
ZAF_GP,All patients,cap,0,0,5,840,0,1,,0.99408284,845,0
ZAF_KZN,All patients,cap,2,0,13,625,0.133333333,1,1,0.979623824,640,2
AZE,New Patients,cap,20,0,5,121,0.8,1,1,0.96031746,146,20
BGD,New Patients,cap,0,0,0,0,,,,,0,0
BLR,New Patients,cap,10,0,0,119,1,1,1,1,129,10
PAK,New Patients,cap,0,1,2,101,0,0.990196078,0,0.980582524,104,1
PHL,New Patients,cap,0,0,0,0,,,,,0,0
UKR,New Patients,cap,23,10,4,858,0.851851852,0.988479263,0.696969697,0.995359629,895,33
ZAF_GP,New Patients,cap,0,0,3,622,0,1,,0.9952,625,0
ZAF_KZN,New Patients,cap,1,0,8,410,0.111111111,1,1,0.980861244,419,1
AZE,Previously treated,cap,18,0,6,89,0.75,1,1,0.936842105,113,18
BGD,Previously treated,cap,0,0,0,0,,,,,0,0
BLR,Previously treated,cap,11,2,1,34,0.916666667,0.944444444,0.846153846,0.971428571,48,13
PAK,Previously treated,cap,1,0,0,48,1,1,1,1,49,1
PHL,Previously treated,cap,0,0,0,0,,,,,0,0
UKR,Previously treated,cap,14,10,3,211,0.823529412,0.954751131,0.583333333,0.985981308,238,24
ZAF_GP,Previously treated,cap,0,0,1,136,0,1,,0.99270073,137,0
ZAF_KZN,Previously treated,cap,1,0,4,115,0.2,1,1,0.966386555,120,1
AZE,Rif resistant,cap,32,0,7,90,0.820512821,1,1,0.927835052,129,32
BGD,Rif resistant,cap,0,0,0,0,,,,,0,0
BLR,Rif resistant,cap,20,2,1,70,0.952380952,0.972222222,0.909090909,0.985915493,93,22
Global,Rif resistant,cap,91,23,18,591,0.834862385,0.962540717,0.798245614,0.97044335,723,114
PAK,Rif resistant,cap,1,1,1,70,0.5,0.985915493,0.5,0.985915493,73,2
PHL,Rif resistant,cap,0,0,0,0,,,,,0,0
UKR,Rif resistant,cap,36,20,6,292,0.857142857,0.935897436,0.642857143,0.979865772,354,56
ZAF_GP,Rif resistant,cap,0,0,1,41,0,1,,0.976190476,42,0
ZAF_KZN,Rif resistant,cap,2,0,2,28,0.5,1,1,0.933333333,32,2
AZE,Rif susceptible,cap,6,0,4,120,0.6,1,1,0.967741935,130,6
BGD,Rif susceptible,cap,0,0,0,0,,,,,0,0
BLR,Rif susceptible,cap,1,0,0,83,1,1,1,1,84,1
Global,Rif susceptible,cap,8,0,21,2452,0.275862069,1,1,0.99150829,2481,8
PAK,Rif susceptible,cap,0,0,1,79,0,1,,0.9875,80,0
PHL,Rif susceptible,cap,0,0,0,0,,,,,0,0
UKR,Rif susceptible,cap,1,0,1,777,0.5,1,1,0.998714653,779,1
ZAF_GP,Rif susceptible,cap,0,0,4,799,0,1,,0.99501868,803,0
ZAF_KZN,Rif susceptible,cap,0,0,11,594,0,1,,0.981818182,605,0
AZE,All patients,inh,192,1,52,500,0.786885246,0.998003992,0.994818653,0.905797101,745,193
BGD,All patients,inh,78,10,24,829,0.764705882,0.988081049,0.886363636,0.971864009,941,88
BLR,All patients,inh,114,0,4,74,0.966101695,1,1,0.948717949,192,114
Global,All patients,inh,1091,36,374,5521,0.744709898,0.993521684,0.968056788,0.936556404,7022,1127
PAK,All patients,inh,108,8,95,1242,0.532019704,0.9936,0.931034483,0.9289454,1453,116
PHL,All patients,inh,78,10,96,826,0.448275862,0.988038278,0.886363636,0.895878525,1010,88
UKR,All patients,inh,454,5,33,647,0.932238193,0.992331288,0.989106754,0.951470588,1139,459
ZAF_GP,All patients,inh,34,0,41,777,0.453333333,1,1,0.949877751,852,34
ZAF_KZN,All patients,inh,33,2,29,626,0.532258065,0.996815287,0.942857143,0.955725191,690,35
AZE,New patients,inh,111,1,26,388,0.810218978,0.997429306,0.991071429,0.937198068,526,112
BGD,New patients,inh,27,5,16,692,0.627906977,0.992826399,0.84375,0.97740113,740,32
BLR,New patients,inh,70,0,4,65,0.945945946,1,1,0.942028986,139,70
PAK,New patients,inh,75,7,76,1100,0.496688742,0.993676603,0.914634146,0.93537415,1258,82
PHL,New patients,inh,58,10,83,770,0.411347518,0.987179487,0.852941176,0.902696366,921,68
UKR,New patients,inh,304,4,26,568,0.921212121,0.993006993,0.987012987,0.956228956,902,308
ZAF_GP,New patients,inh,22,0,25,580,0.468085106,1,1,0.958677686,627,22
ZAF_KZN,New patients,inh,14,1,17,411,0.451612903,0.997572816,0.933333333,0.960280374,443,15
AZE,Previously treated,inh,81,0,26,112,0.757009346,1,1,0.811594203,219,81
BGD,Previously treated,inh,51,5,8,136,0.86440678,0.964539007,0.910714286,0.944444444,200,56
BLR,Previously treated,inh,44,0,0,9,1,1,1,1,53,44
PAK,Previously treated,inh,33,1,19,142,0.634615385,0.993006993,0.970588235,0.881987578,195,34
PHL,Previously treated,inh,0,0,0,0,,,,,0,0
UKR,Previously treated,inh,150,1,7,79,0.955414013,0.9875,0.993377483,0.918604651,237,151
ZAF_GP,Previously treated,inh,9,0,9,124,0.5,1,1,0.932330827,142,9
ZAF_KZN,Previously treated,inh,16,1,9,102,0.64,0.990291262,0.941176471,0.918918919,128,17
AZE,Rif resistant,inh,111,1,16,1,0.874015748,0.5,0.991071429,0.058823529,129,112
BGD,Rif resistant,inh,49,7,11,3,0.816666667,0.3,0.875,0.214285714,70,56
BLR,Rif resistant,inh,92,0,1,1,0.989247312,1,1,0.5,94,92
Global,Rif resistant,inh,729,14,103,58,0.876201923,0.805555556,0.98115747,0.360248447,904,743
PAK,Rif resistant,inh,60,1,28,10,0.681818182,0.909090909,0.983606557,0.263157895,99,61
PHL,Rif resistant,inh,43,3,19,14,0.693548387,0.823529412,0.934782609,0.424242424,79,46
UKR,Rif resistant,inh,334,2,14,6,0.959770115,0.75,0.994047619,0.3,356,336
ZAF_GP,Rif resistant,inh,20,0,10,13,0.666666667,1,1,0.565217391,43,20
ZAF_KZN,Rif resistant,inh,20,0,4,10,0.833333333,1,1,0.714285714,34,20
AZE,Rif susceptible,inh,81,0,36,499,0.692307692,1,1,0.93271028,616,81
BGD,Rif susceptible,inh,29,3,13,826,0.69047619,0.996381182,0.90625,0.984505364,871,32
BLR,Rif susceptible,inh,22,0,3,73,0.88,1,1,0.960526316,98,22
Global,Rif susceptible,inh,362,22,271,5463,0.571879937,0.995989061,0.942708333,0.952738054,6118,384
PAK,Rif susceptible,inh,48,7,67,1232,0.417391304,0.994350282,0.872727273,0.948421863,1354,55
PHL,Rif susceptible,inh,35,7,77,812,0.3125,0.991452991,0.833333333,0.913385827,931,42
UKR,Rif susceptible,inh,120,3,19,641,0.863309353,0.995341615,0.975609756,0.971212121,783,123
ZAF_GP,Rif susceptible,inh,14,0,31,764,0.311111111,1,1,0.961006289,809,14
ZAF_KZN,Rif susceptible,inh,13,2,25,616,0.342105263,0.996763754,0.866666667,0.96099844,656,15
AZE,All patients,inh2,208,1,36,500,0.852459016,0.998003992,0.995215311,0.932835821,745,209
BGD,All patients,inh2,91,14,11,825,0.892156863,0.983313468,0.866666667,0.986842105,941,105
BLR,All patients,inh2,116,0,2,73,0.983050847,1,1,0.973333333,191,116
Global,All patients,inh2,1243,58,214,5462,0.853122855,0.989492754,0.955418909,0.962297393,6977,1301
PAK,All patients,inh2,142,13,61,1236,0.699507389,0.989591673,0.916129032,0.952968389,1452,155
PHL,All patients,inh2,138,17,30,786,0.821428571,0.97882939,0.890322581,0.963235294,971,155
UKR,All patients,inh2,464,7,22,643,0.95473251,0.989230769,0.985138004,0.966917293,1136,471
ZAF_GP,All patients,inh2,45,4,29,773,0.608108108,0.994851995,0.918367347,0.963840399,851,49
ZAF_KZN,All patients,inh2,39,2,23,626,0.629032258,0.996815287,0.951219512,0.964560863,690,41
AZE,New patients,inh2,124,1,13,388,0.905109489,0.997429306,0.992,0.967581047,526,125
BGD,New patients,inh2,38,8,5,689,0.88372093,0.988522238,0.826086957,0.992795389,740,46
BLR,New patients,inh2,72,0,2,65,0.972972973,1,1,0.970149254,139,72
PAK,New patients,inh2,103,12,48,1094,0.682119205,0.98915009,0.895652174,0.957968476,1257,115
PHL,New patients,inh2,110,17,27,735,0.802919708,0.977393617,0.866141732,0.964566929,889,127
UKR,New patients,inh2,313,6,16,565,0.951367781,0.989492119,0.981191223,0.972461274,900,319
ZAF_GP,New patients,inh2,29,2,18,578,0.617021277,0.996551724,0.935483871,0.969798658,627,31
ZAF_KZN,New patients,inh2,19,1,12,411,0.612903226,0.997572816,0.95,0.971631206,443,20
AZE,Previously treated,inh2,84,0,23,112,0.785046729,1,1,0.82962963,219,84
BGD,Previously treated,inh2,53,6,6,135,0.898305085,0.957446809,0.898305085,0.957446809,200,59
BLR,Previously treated,inh2,44,0,0,8,1,1,1,1,52,44
PAK,Previously treated,inh2,39,1,13,142,0.75,0.993006993,0.975,0.916129032,195,40
PHL,Previously treated,inh2,0,0,0,0,,,,,0,0
UKR,Previously treated,inh2,151,1,6,78,0.961783439,0.987341772,0.993421053,0.928571429,236,152
ZAF_GP,Previously treated,inh2,11,2,6,122,0.647058824,0.983870968,0.846153846,0.953125,141,13
ZAF_KZN,Previously treated,inh2,17,1,8,102,0.68,0.990291262,0.944444444,0.927272727,128,18
AZE,Rif resistant,inh2,113,1,14,1,0.88976378,0.5,0.99122807,0.066666667,129,114
BGD,Rif resistant,inh2,52,8,8,2,0.866666667,0.2,0.866666667,0.2,70,60
BLR,Rif resistant,inh2,92,0,1,1,0.989247312,1,1,0.5,94,92
Global,Rif resistant,inh2,762,18,63,54,0.923636364,0.75,0.976923077,0.461538462,897,780
PAK,Rif resistant,inh2,71,1,17,10,0.806818182,0.909090909,0.986111111,0.37037037,99,72
PHL,Rif resistant,inh2,51,6,6,11,0.894736842,0.647058824,0.894736842,0.647058824,74,57
UKR,Rif resistant,inh2,337,2,10,6,0.971181556,0.75,0.994100295,0.375,355,339
ZAF_GP,Rif resistant,inh2,24,0,5,13,0.827586207,1,1,0.722222222,42,24
ZAF_KZN,Rif resistant,inh2,22,0,2,10,0.916666667,1,1,0.833333333,34,22
AZE,Rif susceptible,inh2,95,0,22,499,0.811965812,1,1,0.957773512,616,95
BGD,Rif susceptible,inh2,39,6,3,823,0.928571429,0.992762364,0.866666667,0.996368039,871,45
BLR,Rif susceptible,inh2,24,0,1,72,0.96,1,1,0.98630137,97,24
Global,Rif susceptible,inh2,481,40,151,5408,0.761075949,0.992657856,0.923224568,0.972836841,6080,521
PAK,Rif susceptible,inh2,71,12,44,1226,0.617391304,0.990306947,0.855421687,0.965354331,1353,83
PHL,Rif susceptible,inh2,87,11,24,775,0.783783784,0.986005089,0.887755102,0.969962453,897,98
UKR,Rif susceptible,inh2,127,5,12,637,0.913669065,0.992211838,0.962121212,0.981510015,781,132
ZAF_GP,Rif susceptible,inh2,21,4,24,760,0.466666667,0.994764398,0.84,0.969387755,809,25
ZAF_KZN,Rif susceptible,inh2,17,2,21,616,0.447368421,0.996763754,0.894736842,0.967032967,656,19
AZE,All patients,kan,0,0,0,0,,,,,0,0
BGD,All patients,kan,0,0,0,70,,1,,1,70,0
BLR,All patients,kan,23,0,7,151,0.766666667,1,1,0.955696203,181,23
Global,All patients,kan,83,1,83,2855,0.5,0.99964986,0.988095238,0.971749489,3022,84
PAK,All patients,kan,1,1,0,152,1,0.993464052,0.5,1,154,2
PHL,All patients,kan,0,0,0,0,,,,,0,0
UKR,All patients,kan,57,0,61,1015,0.483050847,1,1,0.94330855,1133,57
ZAF_GP,All patients,kan,0,0,5,839,0,1,,0.994075829,844,0
ZAF_KZN,All patients,kan,2,0,10,628,0.166666667,1,1,0.984326019,640,2
AZE,New Patients,kan,0,0,0,0,,,,,0,0
BGD,New Patients,kan,0,0,0,31,,1,,1,31,0
BLR,New Patients,kan,10,0,1,121,0.909090909,1,1,0.991803279,132,10
PAK,New Patients,kan,0,1,0,104,,0.99047619,0,1,105,1
PHL,New Patients,kan,0,0,0,0,,,,,0,0
UKR,New Patients,kan,33,0,42,820,0.44,1,1,0.951276102,895,33
ZAF_GP,New Patients,kan,0,0,4,621,0,1,,0.9936,625,0
ZAF_KZN,New Patients,kan,1,0,10,408,0.090909091,1,1,0.976076555,419,1
AZE,Previously treated,kan,0,0,0,0,,,,,0,0
BGD,Previously treated,kan,0,0,0,39,,1,,1,39,0
BLR,Previously treated,kan,13,0,6,30,0.684210526,1,1,0.833333333,49,13
PAK,Previously treated,kan,1,0,0,48,1,1,1,1,49,1
PHL,Previously treated,kan,0,0,0,0,,,,,0,0
UKR,Previously treated,kan,24,0,19,195,0.558139535,1,1,0.911214953,238,24
ZAF_GP,Previously treated,kan,0,0,0,137,,1,,1,137,0
ZAF_KZN,Previously treated,kan,1,0,0,119,1,1,1,1,120,1
AZE,Rif resistant,kan,0,0,0,0,,,,,0,0
BGD,Rif resistant,kan,0,0,0,41,,1,,1,41,0
BLR,Rif resistant,kan,22,0,6,65,0.785714286,1,1,0.915492958,93,22
Global,Rif resistant,kan,81,1,65,489,0.554794521,0.997959184,0.987804878,0.88267148,636,82
PAK,Rif resistant,kan,1,1,0,72,1,0.98630137,0.5,1,74,2
PHL,Rif resistant,kan,0,0,0,0,,,,,0,0
UKR,Rif resistant,kan,56,0,59,239,0.486956522,1,1,0.802013423,354,56
ZAF_GP,Rif resistant,kan,0,0,0,42,,1,,1,42,0
ZAF_KZN,Rif resistant,kan,2,0,0,30,1,1,1,1,32,2
AZE,Rif susceptible,kan,0,0,0,0,,,,,0,0
BGD,Rif susceptible,kan,0,0,0,29,,1,,1,29,0
BLR,Rif susceptible,kan,1,0,1,86,0.5,1,1,0.988505747,88,1
Global,Rif susceptible,kan,2,0,18,2363,0.1,1,1,0.992440151,2383,2
PAK,Rif susceptible,kan,0,0,0,80,,1,,1,80,0
PHL,Rif susceptible,kan,0,0,0,0,,,,,0,0
UKR,Rif susceptible,kan,1,0,2,776,0.333333333,1,1,0.997429306,779,1
ZAF_GP,Rif susceptible,kan,0,0,5,797,0,1,,0.993765586,802,0
ZAF_KZN,Rif susceptible,kan,0,0,10,595,0,1,,0.983471074,605,0
AZE,All patients,kan2,0,0,0,0,,,,,0,0
BGD,All patients,kan2,0,0,0,68,,1,,1,68,0
BLR,All patients,kan2,25,6,5,145,0.833333333,0.960264901,0.806451613,0.966666667,181,31
Global,All patients,kan2,103,17,62,2829,0.624242424,0.994026704,0.858333333,0.978554134,3011,120
PAK,All patients,kan2,1,1,0,152,1,0.993464052,0.5,1,154,2
PHL,All patients,kan2,0,0,0,0,,,,,0,0
UKR,All patients,kan2,75,10,43,1005,0.63559322,0.990147783,0.882352941,0.958969466,1133,85
ZAF_GP,All patients,kan2,0,0,5,831,0,1,,0.994019139,836,0
ZAF_KZN,All patients,kan2,2,0,9,628,0.181818182,1,1,0.985871272,639,2
AZE,New Patients,kan2,0,0,0,0,,,,,0,0
BGD,New Patients,kan2,0,0,0,31,,1,,1,31,0
BLR,New Patients,kan2,10,4,1,117,0.909090909,0.966942149,0.714285714,0.991525424,132,14
PAK,New Patients,kan2,0,1,0,104,,0.99047619,0,1,105,1
PHL,New Patients,kan2,0,0,0,0,,,,,0,0
UKR,New Patients,kan2,47,8,28,812,0.626666667,0.990243902,0.854545455,0.966666667,895,55
ZAF_GP,New Patients,kan2,0,0,4,614,0,1,,0.993527508,618,0
ZAF_KZN,New Patients,kan2,1,0,9,408,0.1,1,1,0.978417266,418,1
AZE,Previously treated,kan2,0,0,0,0,,,,,0,0
BGD,Previously treated,kan2,0,0,0,37,,1,,1,37,0
BLR,Previously treated,kan2,15,2,4,28,0.789473684,0.933333333,0.882352941,0.875,49,17
PAK,Previously treated,kan2,1,0,0,48,1,1,1,1,49,1
PHL,Previously treated,kan2,0,0,0,0,,,,,0,0
UKR,Previously treated,kan2,28,2,15,193,0.651162791,0.98974359,0.933333333,0.927884615,238,30
ZAF_GP,Previously treated,kan2,0,0,0,136,,1,,1,136,0
ZAF_KZN,Previously treated,kan2,1,0,0,119,1,1,1,1,120,1
AZE,Rif resistant,kan2,0,0,0,0,,,,,0,0
BGD,Rif resistant,kan2,0,0,0,39,,1,,1,39,0
BLR,Rif resistant,kan2,24,5,4,60,0.857142857,0.923076923,0.827586207,0.9375,93,29
Global,Rif resistant,kan2,101,15,45,472,0.691780822,0.969199179,0.870689655,0.912959381,633,116
PAK,Rif resistant,kan2,1,1,0,72,1,0.98630137,0.5,1,74,2
PHL,Rif resistant,kan2,0,0,0,0,,,,,0,0
UKR,Rif resistant,kan2,74,9,41,230,0.643478261,0.962343096,0.891566265,0.848708487,354,83
ZAF_GP,Rif resistant,kan2,0,0,0,41,,1,,1,41,0
ZAF_KZN,Rif resistant,kan2,2,0,0,30,1,1,1,1,32,2
AZE,Rif susceptible,kan2,0,0,0,0,,,,,0,0
BGD,Rif susceptible,kan2,0,0,0,29,,1,,1,29,0
BLR,Rif susceptible,kan2,1,1,1,85,0.5,0.988372093,0.5,0.988372093,88,2
Global,Rif susceptible,kan2,2,2,17,2354,0.105263158,0.999151104,0.5,0.99283003,2375,4
PAK,Rif susceptible,kan2,0,0,0,80,,1,,1,80,0
PHL,Rif susceptible,kan2,0,0,0,0,,,,,0,0
UKR,Rif susceptible,kan2,1,1,2,775,0.333333333,0.99871134,0.5,0.997425997,779,2
ZAF_GP,Rif susceptible,kan2,0,0,5,790,0,1,,0.993710692,795,0
ZAF_KZN,Rif susceptible,kan2,0,0,9,595,0,1,,0.985099338,604,0
AZE,All patients,mfx,1,30,2,712,0.333333333,0.959568733,0.032258065,0.99719888,745,31
BGD,All patients,mfx,3,40,0,878,1,0.956427015,0.069767442,1,921,43
BLR,All patients,mfx,8,16,0,167,1,0.912568306,0.333333333,1,191,24
Global,All patients,mfx,24,241,3,4516,0.888888889,0.949337818,0.090566038,0.999336136,4784,265
PAK,All patients,mfx,3,105,0,498,1,0.825870647,0.027777778,1,606,108
PHL,All patients,mfx,0,0,0,0,,,,,0,0
UKR,All patients,mfx,8,43,0,777,1,0.947560976,0.156862745,1,828,51
ZAF_GP,All patients,mfx,1,4,1,841,0.5,0.995266272,0.2,0.998812352,847,5
ZAF_KZN,All patients,mfx,0,3,0,643,,0.995356037,0,1,646,3
AZE,New Patients,mfx,1,14,1,509,0.5,0.973231358,0.066666667,0.998039216,525,15
BGD,New Patients,mfx,2,27,0,700,1,0.962861073,0.068965517,1,729,29
BLR,New Patients,mfx,1,4,0,133,1,0.97080292,0.2,1,138,5
PAK,New Patients,mfx,1,80,0,418,1,0.83935743,0.012345679,1,499,81
PHL,New Patients,mfx,0,0,0,0,,,,,0,0
UKR,New Patients,mfx,3,26,0,617,1,0.959564541,0.103448276,1,646,29
ZAF_GP,New Patients,mfx,1,3,0,619,1,0.995176849,0.25,1,623,4
ZAF_KZN,New Patients,mfx,0,2,0,417,,0.99522673,0,1,419,2
AZE,Previously treated,mfx,0,16,1,203,0,0.926940639,0,0.995098039,220,16
BGD,Previously treated,mfx,1,13,0,177,1,0.931578947,0.071428571,1,191,14
BLR,Previously treated,mfx,7,12,0,34,1,0.739130435,0.368421053,1,53,19
PAK,Previously treated,mfx,2,25,0,80,1,0.761904762,0.074074074,1,107,27
PHL,Previously treated,mfx,0,0,0,0,,,,,0,0
UKR,Previously treated,mfx,5,17,0,160,1,0.903954802,0.227272727,1,182,22
ZAF_GP,Previously treated,mfx,0,1,0,139,,0.992857143,0,1,140,1
ZAF_KZN,Previously treated,mfx,0,1,0,118,,0.991596639,0,1,119,1
AZE,Rif resistant,mfx,1,27,2,100,0.333333333,0.787401575,0.035714286,0.980392157,130,28
BGD,Rif resistant,mfx,1,6,0,57,1,0.904761905,0.142857143,1,64,7
BLR,Rif resistant,mfx,8,16,0,70,1,0.813953488,0.333333333,1,94,24
Global,Rif resistant,mfx,19,111,2,596,0.904761905,0.842998586,0.146153846,0.996655518,728,130
PAK,Rif resistant,mfx,1,17,0,76,1,0.817204301,0.055555556,1,94,18
PHL,Rif resistant,mfx,0,0,0,0,,,,,0,0
UKR,Rif resistant,mfx,7,39,0,226,1,0.852830189,0.152173913,1,272,46
ZAF_GP,Rif resistant,mfx,1,3,0,39,1,0.928571429,0.25,1,43,4
ZAF_KZN,Rif resistant,mfx,0,3,0,28,,0.903225806,0,1,31,3
AZE,Rif susceptible,mfx,0,3,0,612,,0.995121951,0,1,615,3
BGD,Rif susceptible,mfx,2,34,0,821,1,0.960233918,0.055555556,1,857,36
BLR,Rif susceptible,mfx,0,0,0,97,,1,,1,97,0
Global,Rif susceptible,mfx,5,130,1,3920,0.833333333,0.967901235,0.037037037,0.999744963,4056,135
PAK,Rif susceptible,mfx,2,88,0,422,1,0.82745098,0.022222222,1,512,90
PHL,Rif susceptible,mfx,0,0,0,0,,,,,0,0
UKR,Rif susceptible,mfx,1,4,0,551,1,0.992792793,0.2,1,556,5
ZAF_GP,Rif susceptible,mfx,0,1,1,802,0,0.99875467,0,0.99875467,804,1
ZAF_KZN,Rif susceptible,mfx,0,0,0,615,,1,,1,615,0
AZE,All patients,mfx2,1,28,1,711,0.5,0.962110961,0.034482759,0.998595506,741,29
BGD,All patients,mfx2,3,39,0,876,1,0.957377049,0.071428571,1,918,42
BLR,All patients,mfx2,8,16,0,162,1,0.91011236,0.333333333,1,186,24
Global,All patients,mfx2,23,237,2,4492,0.92,0.949883696,0.088461538,0.999554962,4754,260
PAK,All patients,mfx2,3,105,0,490,1,0.823529412,0.027777778,1,598,108
PHL,All patients,mfx2,0,0,0,0,,,,,0,0
UKR,All patients,mfx2,7,42,0,773,1,0.948466258,0.142857143,1,822,49
ZAF_GP,All patients,mfx2,1,4,1,837,0.5,0.995243757,0.2,0.998806683,843,5
ZAF_KZN,All patients,mfx2,0,3,0,643,,0.995356037,0,1,646,3
AZE,New Patients,mfx2,1,12,0,509,1,0.97696737,0.076923077,1,522,13
BGD,New Patients,mfx2,2,27,0,698,1,0.962758621,0.068965517,1,727,29
BLR,New Patients,mfx2,1,4,0,129,1,0.969924812,0.2,1,134,5
PAK,New Patients,mfx2,1,80,0,413,1,0.837728195,0.012345679,1,494,81
PHL,New Patients,mfx2,0,0,0,0,,,,,0,0
UKR,New Patients,mfx2,2,25,0,614,1,0.960876369,0.074074074,1,641,27
ZAF_GP,New Patients,mfx2,1,3,0,616,1,0.995153473,0.25,1,620,4
ZAF_KZN,New Patients,mfx2,0,2,0,417,,0.99522673,0,1,419,2
AZE,Previously treated,mfx2,0,16,1,202,0,0.926605505,0,0.995073892,219,16
BGD,Previously treated,mfx2,1,12,0,177,1,0.936507937,0.076923077,1,190,13
BLR,Previously treated,mfx2,7,12,0,33,1,0.733333333,0.368421053,1,52,19
PAK,Previously treated,mfx2,2,25,0,77,1,0.754901961,0.074074074,1,104,27
PHL,Previously treated,mfx2,0,0,0,0,,,,,0,0
UKR,Previously treated,mfx2,5,17,0,159,1,0.903409091,0.227272727,1,181,22
ZAF_GP,Previously treated,mfx2,0,1,0,138,,0.992805755,0,1,139,1
ZAF_KZN,Previously treated,mfx2,0,1,0,118,,0.991596639,0,1,119,1
AZE,Rif resistant,mfx2,1,25,1,100,0.5,0.8,0.038461538,0.99009901,127,26
BGD,Rif resistant,mfx2,1,5,0,57,1,0.919354839,0.166666667,1,63,6
BLR,Rif resistant,mfx2,8,16,0,65,1,0.802469136,0.333333333,1,89,24
Global,Rif resistant,mfx2,18,107,1,587,0.947368421,0.845821326,0.144,0.99829932,713,125
PAK,Rif resistant,mfx2,1,17,0,75,1,0.815217391,0.055555556,1,93,18
PHL,Rif resistant,mfx2,0,0,0,0,,,,,0,0
UKR,Rif resistant,mfx2,6,38,0,223,1,0.85440613,0.136363636,1,267,44
ZAF_GP,Rif resistant,mfx2,1,3,0,39,1,0.928571429,0.25,1,43,4
ZAF_KZN,Rif resistant,mfx2,0,3,0,28,,0.903225806,0,1,31,3
AZE,Rif susceptible,mfx2,0,3,0,611,,0.995114007,0,1,614,3
BGD,Rif susceptible,mfx2,2,34,0,819,1,0.96014068,0.055555556,1,855,36
BLR,Rif susceptible,mfx2,0,0,0,97,,1,,1,97,0
Global,Rif susceptible,mfx2,5,130,1,3905,0.833333333,0.967781908,0.037037037,0.999743984,4041,135
PAK,Rif susceptible,mfx2,2,88,0,415,1,0.825049702,0.022222222,1,505,90
PHL,Rif susceptible,mfx2,0,0,0,0,,,,,0,0
UKR,Rif susceptible,mfx2,1,4,0,550,1,0.992779783,0.2,1,555,5
ZAF_GP,Rif susceptible,mfx2,0,1,1,798,0,0.998748436,0,0.998748436,800,1
ZAF_KZN,Rif susceptible,mfx2,0,0,0,615,,1,,1,615,0
AZE,All patients,ofx,31,0,6,708,0.837837838,1,1,0.991596639,745,31
BGD,All patients,ofx,46,5,2,876,0.958333333,0.994324631,0.901960784,0.997722096,929,51
BLR,All patients,ofx,26,0,4,161,0.866666667,1,1,0.975757576,191,26
Global,All patients,ofx,282,12,60,4770,0.824561404,0.99749059,0.959183673,0.98757764,5124,294
PAK,All patients,ofx,107,3,37,461,0.743055556,0.993534483,0.972727273,0.925702811,608,110
PHL,All patients,ofx,0,0,0,6,,1,,1,6,0
UKR,All patients,ofx,62,3,8,1065,0.885714286,0.997191011,0.953846154,0.992544268,1138,65
ZAF_GP,All patients,ofx,5,1,1,849,0.833333333,0.998823529,0.833333333,0.998823529,856,6
ZAF_KZN,All patients,ofx,5,0,2,644,0.714285714,1,1,0.996904025,651,5
AZE,New Patients,ofx,15,0,3,507,0.833333333,1,1,0.994117647,525,15
BGD,New Patients,ofx,30,3,2,698,0.9375,0.995720399,0.909090909,0.997142857,733,33
BLR,New Patients,ofx,6,0,3,129,0.666666667,1,1,0.977272727,138,6
PAK,New Patients,ofx,81,2,35,383,0.698275862,0.994805195,0.975903614,0.916267943,501,83
PHL,New Patients,ofx,0,0,0,5,,1,,1,5,0
UKR,New Patients,ofx,32,2,7,859,0.820512821,0.99767712,0.941176471,0.991916859,900,34
ZAF_GP,New Patients,ofx,4,0,0,625,1,1,1,1,629,4
ZAF_KZN,New Patients,ofx,2,0,2,417,0.5,1,1,0.99522673,421,2
AZE,Previously treated,ofx,16,0,3,201,0.842105263,1,1,0.985294118,220,16
BGD,Previously treated,ofx,16,2,0,177,1,0.988826816,0.888888889,1,195,18
BLR,Previously treated,ofx,20,0,1,32,0.952380952,1,1,0.96969697,53,20
PAK,Previously treated,ofx,26,1,2,78,0.928571429,0.987341772,0.962962963,0.975,107,27
PHL,Previously treated,ofx,0,0,0,0,,,,,0,0
UKR,Previously treated,ofx,30,1,1,206,0.967741935,0.995169082,0.967741935,0.995169082,238,31
ZAF_GP,Previously treated,ofx,1,1,0,140,1,0.992907801,0.5,1,142,2
ZAF_KZN,Previously treated,ofx,3,0,0,119,1,1,1,1,122,3
AZE,Rif resistant,ofx,28,0,5,97,0.848484848,1,1,0.950980392,130,28
BGD,Rif resistant,ofx,9,2,0,57,1,0.966101695,0.818181818,1,68,11
BLR,Rif resistant,ofx,26,0,2,66,0.928571429,1,1,0.970588235,94,26
Global,Rif resistant,ofx,147,6,19,650,0.885542169,0.990853659,0.960784314,0.971599402,822,153
PAK,Rif resistant,ofx,17,2,3,74,0.85,0.973684211,0.894736842,0.961038961,96,19
PHL,Rif resistant,ofx,0,0,0,2,,1,,1,2,0
UKR,Rif resistant,ofx,58,2,7,288,0.892307692,0.993103448,0.966666667,0.976271186,355,60
ZAF_GP,Rif resistant,ofx,5,0,0,39,1,1,1,1,44,5
ZAF_KZN,Rif resistant,ofx,4,0,2,27,0.666666667,1,1,0.931034483,33,4
AZE,Rif susceptible,ofx,3,0,1,611,0.75,1,1,0.998366013,615,3
BGD,Rif susceptible,ofx,37,3,2,819,0.948717949,0.996350365,0.925,0.997563946,861,40
BLR,Rif susceptible,ofx,0,0,2,95,0,1,,0.979381443,97,0
Global,Rif susceptible,ofx,135,6,41,4120,0.767045455,0.998545807,0.957446809,0.990146599,4302,141
PAK,Rif susceptible,ofx,90,1,34,387,0.725806452,0.99742268,0.989010989,0.919239905,512,91
PHL,Rif susceptible,ofx,0,0,0,4,,1,,1,4,0
UKR,Rif susceptible,ofx,4,1,1,777,0.8,0.998714653,0.8,0.998714653,783,5
ZAF_GP,Rif susceptible,ofx,0,1,1,810,0,0.998766954,0,0.998766954,812,1
ZAF_KZN,Rif susceptible,ofx,1,0,0,617,1,1,1,1,618,1
AZE,All patients,ofx2,29,0,5,707,0.852941176,1,1,0.992977528,741,29
BGD,All patients,ofx2,45,5,2,874,0.957446809,0.994311718,0.9,0.997716895,926,50
BLR,All patients,ofx2,26,0,2,158,0.928571429,1,1,0.9875,186,26
Global,All patients,ofx2,276,12,49,4756,0.849230769,0.997483221,0.958333333,0.989802289,5093,288
PAK,All patients,ofx2,107,3,31,459,0.775362319,0.993506494,0.972727273,0.936734694,600,110
PHL,All patients,ofx2,0,0,0,6,,1,,1,6,0
UKR,All patients,ofx2,59,3,6,1063,0.907692308,0.997185741,0.951612903,0.994387278,1131,62
ZAF_GP,All patients,ofx2,5,1,1,845,0.833333333,0.998817967,0.833333333,0.998817967,852,6
ZAF_KZN,All patients,ofx2,5,0,2,644,0.714285714,1,1,0.996904025,651,5
AZE,New Patients,ofx2,13,0,2,507,0.866666667,1,1,0.996070727,522,13
BGD,New Patients,ofx2,30,3,2,696,0.9375,0.995708155,0.909090909,0.99713467,731,33
BLR,New Patients,ofx2,6,0,1,127,0.857142857,1,1,0.9921875,134,6
PAK,New Patients,ofx2,81,2,30,383,0.72972973,0.994805195,0.975903614,0.927360775,496,83
PHL,New Patients,ofx2,0,0,0,5,,1,,1,5,0
UKR,New Patients,ofx2,29,2,5,858,0.852941176,0.997674419,0.935483871,0.994206257,894,31
ZAF_GP,New Patients,ofx2,4,0,0,622,1,1,1,1,626,4
ZAF_KZN,New Patients,ofx2,2,0,2,417,0.5,1,1,0.99522673,421,2
AZE,Previously treated,ofx2,16,0,3,200,0.842105263,1,1,0.985221675,219,16
BGD,Previously treated,ofx2,15,2,0,177,1,0.988826816,0.882352941,1,194,17
BLR,Previously treated,ofx2,20,0,1,31,0.952380952,1,1,0.96875,52,20
PAK,Previously treated,ofx2,26,1,1,76,0.962962963,0.987012987,0.962962963,0.987012987,104,27
PHL,Previously treated,ofx2,0,0,0,0,,,,,0,0
UKR,Previously treated,ofx2,30,1,1,205,0.967741935,0.995145631,0.967741935,0.995145631,237,31
ZAF_GP,Previously treated,ofx2,1,1,0,139,1,0.992857143,0.5,1,141,2
ZAF_KZN,Previously treated,ofx2,3,0,0,119,1,1,1,1,122,3
AZE,Rif resistant,ofx2,26,0,4,97,0.866666667,1,1,0.96039604,127,26
BGD,Rif resistant,ofx2,8,2,0,57,1,0.966101695,0.8,1,67,10
BLR,Rif resistant,ofx2,26,0,0,63,1,1,1,1,89,26
Global,Rif resistant,ofx2,141,6,14,645,0.909677419,0.99078341,0.959183673,0.97875569,806,147
PAK,Rif resistant,ofx2,17,2,3,73,0.85,0.973333333,0.894736842,0.960526316,95,19
PHL,Rif resistant,ofx2,0,0,0,2,,1,,1,2,0
UKR,Rif resistant,ofx2,55,2,5,287,0.916666667,0.993079585,0.964912281,0.982876712,349,57
ZAF_GP,Rif resistant,ofx2,5,0,0,39,1,1,1,1,44,5
ZAF_KZN,Rif resistant,ofx2,4,0,2,27,0.666666667,1,1,0.931034483,33,4
AZE,Rif susceptible,ofx2,3,0,1,610,0.75,1,1,0.998363339,614,3
BGD,Rif susceptible,ofx2,37,3,2,817,0.948717949,0.996341463,0.925,0.997557998,859,40
BLR,Rif susceptible,ofx2,0,0,2,95,0,1,,0.979381443,97,0
Global,Rif susceptible,ofx2,135,6,35,4111,0.794117647,0.998542628,0.957446809,0.991558128,4287,141
PAK,Rif susceptible,ofx2,90,1,28,386,0.762711864,0.997416021,0.989010989,0.93236715,505,91
PHL,Rif susceptible,ofx2,0,0,0,4,,1,,1,4,0
UKR,Rif susceptible,ofx2,4,1,1,776,0.8,0.998712999,0.8,0.998712999,782,5
ZAF_GP,Rif susceptible,ofx2,0,1,1,806,0,0.998760843,0,0.998760843,808,1
ZAF_KZN,Rif susceptible,ofx2,1,0,0,617,1,1,1,1,618,1
AZE,All patients,pza_h,64,0,31,650,0.673684211,1,1,0.954478708,745,64
BGD,All patients,pza_h,15,0,21,37,0.416666667,1,1,0.637931034,73,15
BLR,All patients,pza_h,63,1,20,113,0.759036145,0.99122807,0.984375,0.84962406,197,64
Global,All patients,pza_h,286,16,296,2935,0.491408935,0.994578109,0.947019868,0.908387496,3533,302
PAK,All patients,pza_h,16,4,22,102,0.421052632,0.962264151,0.8,0.822580645,144,20
PHL,All patients,pza_h,0,0,0,0,,,,,0,0
UKR,All patients,pza_h,91,6,174,550,0.343396226,0.989208633,0.93814433,0.759668508,821,97
ZAF_GP,All patients,pza_h,19,4,17,829,0.527777778,0.995198079,0.826086957,0.979905437,869,23
ZAF_KZN,All patients,pza_h,18,1,11,654,0.620689655,0.998473282,0.947368421,0.983458647,684,19
AZE,New Patients,pza_h,38,0,17,472,0.690909091,1,1,0.965235174,527,38
BGD,New Patients,pza_h,8,0,8,33,0.5,1,1,0.804878049,49,8
BLR,New Patients,pza_h,29,1,12,100,0.707317073,0.99009901,0.966666667,0.892857143,142,30
PAK,New Patients,pza_h,10,1,15,86,0.4,0.988505747,0.909090909,0.851485149,112,11
PHL,New Patients,pza_h,0,0,0,0,,,,,0,0
UKR,New Patients,pza_h,49,2,113,475,0.302469136,0.995807128,0.960784314,0.807823129,639,51
ZAF_GP,New Patients,pza_h,12,2,11,617,0.52173913,0.996768982,0.857142857,0.982484076,642,14
ZAF_KZN,New Patients,pza_h,7,0,4,428,0.636363636,1,1,0.990740741,439,7
AZE,Previously treated,pza_h,26,0,14,178,0.65,1,1,0.927083333,218,26
BGD,Previously treated,pza_h,7,0,13,4,0.35,1,1,0.235294118,24,7
BLR,Previously treated,pza_h,34,0,8,13,0.80952381,1,1,0.619047619,55,34
PAK,Previously treated,pza_h,6,3,7,16,0.461538462,0.842105263,0.666666667,0.695652174,32,9
PHL,Previously treated,pza_h,0,0,0,0,,,,,0,0
UKR,Previously treated,pza_h,42,4,61,75,0.40776699,0.949367089,0.913043478,0.551470588,182,46
ZAF_GP,Previously treated,pza_h,5,1,4,134,0.555555556,0.992592593,0.833333333,0.971014493,144,6
ZAF_KZN,Previously treated,pza_h,9,1,5,111,0.642857143,0.991071429,0.9,0.956896552,126,10
AZE,Rif resistant,pza_h,53,0,26,50,0.670886076,1,1,0.657894737,129,53
BGD,Rif resistant,pza_h,8,0,12,4,0.4,1,1,0.25,24,8
BLR,Rif resistant,pza_h,59,1,19,19,0.756410256,0.95,0.983333333,0.5,98,60
Global,Rif resistant,pza_h,249,14,155,223,0.616336634,0.94092827,0.946768061,0.58994709,641,263
PAK,Rif resistant,pza_h,14,4,16,12,0.466666667,0.75,0.777777778,0.428571429,46,18
PHL,Rif resistant,pza_h,0,0,0,0,,,,,0,0
UKR,Rif resistant,pza_h,87,6,80,95,0.520958084,0.940594059,0.935483871,0.542857143,268,93
ZAF_GP,Rif resistant,pza_h,14,2,1,25,0.933333333,0.925925926,0.875,0.961538462,42,16
ZAF_KZN,Rif resistant,pza_h,14,1,1,18,0.933333333,0.947368421,0.933333333,0.947368421,34,15
AZE,Rif susceptible,pza_h,11,0,5,600,0.6875,1,1,0.991735537,616,11
BGD,Rif susceptible,pza_h,7,0,9,33,0.4375,1,1,0.785714286,49,7
BLR,Rif susceptible,pza_h,4,0,1,94,0.8,1,1,0.989473684,99,4
Global,Rif susceptible,pza_h,37,2,141,2712,0.207865169,0.99926308,0.948717949,0.950578339,2892,39
PAK,Rif susceptible,pza_h,2,0,6,90,0.25,1,1,0.9375,98,2
PHL,Rif susceptible,pza_h,0,0,0,0,,,,,0,0
UKR,Rif susceptible,pza_h,4,0,94,455,0.040816327,1,1,0.828779599,553,4
ZAF_GP,Rif susceptible,pza_h,5,2,16,804,0.238095238,0.99751861,0.714285714,0.980487805,827,7
ZAF_KZN,Rif susceptible,pza_h,4,0,10,636,0.285714286,1,1,0.984520124,650,4
AZE,All patients,pza_m,65,0,30,650,0.684210526,1,1,0.955882353,745,65
BGD,All patients,pza_m,15,0,21,37,0.416666667,1,1,0.637931034,73,15
BLR,All patients,pza_m,73,3,10,111,0.879518072,0.973684211,0.960526316,0.917355372,197,76
Global,All patients,pza_m,301,19,281,2932,0.517182131,0.993561505,0.940625,0.912542795,3533,320
PAK,All patients,pza_m,18,4,20,102,0.473684211,0.962264151,0.818181818,0.836065574,144,22
PHL,All patients,pza_m,0,0,0,0,,,,,0,0
UKR,All patients,pza_m,93,7,172,549,0.350943396,0.987410072,0.93,0.761442441,821,100
ZAF_GP,All patients,pza_m,19,4,17,829,0.527777778,0.995198079,0.826086957,0.979905437,869,23
ZAF_KZN,All patients,pza_m,18,1,11,654,0.620689655,0.998473282,0.947368421,0.983458647,684,19
AZE,New patients,pza_m,39,0,16,472,0.709090909,1,1,0.967213115,527,39
BGD,New patients,pza_m,8,0,8,33,0.5,1,1,0.804878049,49,8
BLR,New patients,pza_m,34,3,7,98,0.829268293,0.97029703,0.918918919,0.933333333,142,37
PAK,New patients,pza_m,11,1,14,86,0.44,0.988505747,0.916666667,0.86,112,12
PHL,New patients,pza_m,0,0,0,0,,,,,0,0
UKR,New patients,pza_m,50,3,112,474,0.308641975,0.993710692,0.943396226,0.80887372,639,53
ZAF_GP,New patients,pza_m,12,2,11,617,0.52173913,0.996768982,0.857142857,0.982484076,642,14
ZAF_KZN,New patients,pza_m,7,0,4,428,0.636363636,1,1,0.990740741,439,7
AZE,Previously treated,pza_m,26,0,14,178,0.65,1,1,0.927083333,218,26
BGD,Previously treated,pza_m,7,0,13,4,0.35,1,1,0.235294118,24,7
BLR,Previously treated,pza_m,39,0,3,13,0.928571429,1,1,0.8125,55,39
PAK,Previously treated,pza_m,7,3,6,16,0.538461538,0.842105263,0.7,0.727272727,32,10
PHL,Previously treated,pza_m,0,0,0,0,,,,,0,0
UKR,Previously treated,pza_m,43,4,60,75,0.417475728,0.949367089,0.914893617,0.555555556,182,47
ZAF_GP,Previously treated,pza_m,5,1,4,134,0.555555556,0.992592593,0.833333333,0.971014493,144,6
ZAF_KZN,Previously treated,pza_m,9,1,5,111,0.642857143,0.991071429,0.9,0.956896552,126,10
AZE,Rif resistant,pza_m,53,0,26,50,0.670886076,1,1,0.657894737,129,53
BGD,Rif resistant,pza_m,8,0,12,4,0.4,1,1,0.25,24,8
BLR,Rif resistant,pza_m,69,3,9,17,0.884615385,0.85,0.958333333,0.653846154,98,72
Global,Rif resistant,pza_m,263,17,141,220,0.650990099,0.928270042,0.939285714,0.609418283,641,280
PAK,Rif resistant,pza_m,16,4,14,12,0.533333333,0.75,0.8,0.461538462,46,20
PHL,Rif resistant,pza_m,0,0,0,0,,,,,0,0
UKR,Rif resistant,pza_m,89,7,78,94,0.532934132,0.930693069,0.927083333,0.546511628,268,96
ZAF_GP,Rif resistant,pza_m,14,2,1,25,0.933333333,0.925925926,0.875,0.961538462,42,16
ZAF_KZN,Rif resistant,pza_m,14,1,1,18,0.933333333,0.947368421,0.933333333,0.947368421,34,15
AZE,Rif susceptible,pza_m,12,0,4,600,0.75,1,1,0.993377483,616,12
BGD,Rif susceptible,pza_m,7,0,9,33,0.4375,1,1,0.785714286,49,7
BLR,Rif susceptible,pza_m,4,0,1,94,0.8,1,1,0.989473684,99,4
Global,Rif susceptible,pza_m,38,2,140,2712,0.213483146,0.99926308,0.95,0.950911641,2892,40
PAK,Rif susceptible,pza_m,2,0,6,90,0.25,1,1,0.9375,98,2
PHL,Rif susceptible,pza_m,0,0,0,0,,,,,0,0
UKR,Rif susceptible,pza_m,4,0,94,455,0.040816327,1,1,0.828779599,553,4
ZAF_GP,Rif susceptible,pza_m,5,2,16,804,0.238095238,0.99751861,0.714285714,0.980487805,827,7
ZAF_KZN,Rif susceptible,pza_m,4,0,10,636,0.285714286,1,1,0.984520124,650,4
AZE,All patients,pza_waynes_h,64,0,29,652,0.688172043,1,1,0.957415565,745,64
BGD,All patients,pza_waynes_h,15,0,21,37,0.416666667,1,1,0.637931034,73,15
BLR,All patients,pza_waynes_h,63,1,21,112,0.75,0.991150442,0.984375,0.842105263,197,64
Global,All patients,pza_waynes_h,293,9,272,2959,0.518584071,0.996967655,0.970198675,0.915815537,3533,302
PAK,All patients,pza_waynes_h,18,2,20,104,0.473684211,0.981132075,0.9,0.838709677,144,20
PHL,All patients,pza_waynes_h,0,0,0,0,,,,,0,0
UKR,All patients,pza_waynes_h,91,6,174,550,0.343396226,0.989208633,0.93814433,0.759668508,821,97
ZAF_GP,All patients,pza_waynes_h,23,0,1,845,0.958333333,1,1,0.998817967,869,23
ZAF_KZN,All patients,pza_waynes_h,19,0,6,659,0.76,1,1,0.990977444,684,19
AZE,New Patients,pza_waynes_h,38,0,14,475,0.730769231,1,1,0.971370143,527,38
BGD,New Patients,pza_waynes_h,8,0,8,33,0.5,1,1,0.804878049,49,8
BLR,New Patients,pza_waynes_h,29,1,14,98,0.674418605,0.98989899,0.966666667,0.875,142,30
PAK,New Patients,pza_waynes_h,11,0,14,87,0.44,1,1,0.861386139,112,11
PHL,New Patients,pza_waynes_h,0,0,0,0,,,,,0,0
UKR,New Patients,pza_waynes_h,49,2,113,475,0.302469136,0.995807128,0.960784314,0.807823129,639,51
ZAF_GP,New Patients,pza_waynes_h,14,0,1,627,0.933333333,1,1,0.998407643,642,14
ZAF_KZN,New Patients,pza_waynes_h,7,0,0,432,1,1,1,1,439,7
AZE,Previously treated,pza_waynes_h,26,0,15,177,0.634146341,1,1,0.921875,218,26
BGD,Previously treated,pza_waynes_h,7,0,13,4,0.35,1,1,0.235294118,24,7
BLR,Previously treated,pza_waynes_h,34,0,7,14,0.829268293,1,1,0.666666667,55,34
PAK,Previously treated,pza_waynes_h,7,2,6,17,0.538461538,0.894736842,0.777777778,0.739130435,32,9
PHL,Previously treated,pza_waynes_h,0,0,0,0,,,,,0,0
UKR,Previously treated,pza_waynes_h,42,4,61,75,0.40776699,0.949367089,0.913043478,0.551470588,182,46
ZAF_GP,Previously treated,pza_waynes_h,6,0,0,138,1,1,1,1,144,6
ZAF_KZN,Previously treated,pza_waynes_h,10,0,5,111,0.666666667,1,1,0.956896552,126,10
AZE,Rif resistant,pza_waynes_h,53,0,26,50,0.670886076,1,1,0.657894737,129,53
BGD,Rif resistant,pza_waynes_h,8,0,13,3,0.380952381,1,1,0.1875,24,8
BLR,Rif resistant,pza_waynes_h,59,1,20,18,0.746835443,0.947368421,0.983333333,0.473684211,98,60
Global,Rif resistant,pza_waynes_h,254,9,156,222,0.619512195,0.961038961,0.965779468,0.587301587,641,263
PAK,Rif resistant,pza_waynes_h,16,2,15,13,0.516129032,0.866666667,0.888888889,0.464285714,46,18
PHL,Rif resistant,pza_waynes_h,0,0,0,0,,,,,0,0
UKR,Rif resistant,pza_waynes_h,87,6,80,95,0.520958084,0.940594059,0.935483871,0.542857143,268,93
ZAF_GP,Rif resistant,pza_waynes_h,16,0,0,26,1,1,1,1,42,16
ZAF_KZN,Rif resistant,pza_waynes_h,15,0,2,17,0.882352941,1,1,0.894736842,34,15
AZE,Rif susceptible,pza_waynes_h,11,0,3,602,0.785714286,1,1,0.995041322,616,11
BGD,Rif susceptible,pza_waynes_h,7,0,8,34,0.466666667,1,1,0.80952381,49,7
BLR,Rif susceptible,pza_waynes_h,4,0,1,94,0.8,1,1,0.989473684,99,4
Global,Rif susceptible,pza_waynes_h,39,0,116,2737,0.251612903,1,1,0.959341045,2892,39
PAK,Rif susceptible,pza_waynes_h,2,0,5,91,0.285714286,1,1,0.947916667,98,2
PHL,Rif susceptible,pza_waynes_h,0,0,0,0,,,,,0,0
UKR,Rif susceptible,pza_waynes_h,4,0,94,455,0.040816327,1,1,0.828779599,553,4
ZAF_GP,Rif susceptible,pza_waynes_h,7,0,1,819,0.875,1,1,0.998780488,827,7
ZAF_KZN,Rif susceptible,pza_waynes_h,4,0,4,642,0.5,1,1,0.99380805,650,4
AZE,All patients,pza_waynes_m,65,0,28,652,0.698924731,1,1,0.958823529,745,65
BGD,All patients,pza_waynes_m,15,0,21,37,0.416666667,1,1,0.637931034,73,15
BLR,All patients,pza_waynes_m,75,1,9,112,0.892857143,0.991150442,0.986842105,0.925619835,197,76
Global,All patients,pza_waynes_m,310,10,255,2958,0.548672566,0.996630728,0.96875,0.920634921,3533,320
PAK,All patients,pza_waynes_m,20,2,18,104,0.526315789,0.981132075,0.909090909,0.852459016,144,22
PHL,All patients,pza_waynes_m,0,0,0,0,,,,,0,0
UKR,All patients,pza_waynes_m,93,7,172,549,0.350943396,0.987410072,0.93,0.761442441,821,100
ZAF_GP,All patients,pza_waynes_m,23,0,1,845,0.958333333,1,1,0.998817967,869,23
ZAF_KZN,All patients,pza_waynes_m,19,0,6,659,0.76,1,1,0.990977444,684,19
AZE,New patients,pza_waynes_m,39,0,13,475,0.75,1,1,0.973360656,527,39
BGD,New patients,pza_waynes_m,8,0,8,33,0.5,1,1,0.804878049,49,8
BLR,New patients,pza_waynes_m,36,1,7,98,0.837209302,0.98989899,0.972972973,0.933333333,142,37
PAK,New patients,pza_waynes_m,12,0,13,87,0.48,1,1,0.87,112,12
PHL,New patients,pza_waynes_m,0,0,0,0,,,,,0,0
UKR,New patients,pza_waynes_m,50,3,112,474,0.308641975,0.993710692,0.943396226,0.80887372,639,53
ZAF_GP,New patients,pza_waynes_m,14,0,1,627,0.933333333,1,1,0.998407643,642,14
ZAF_KZN,New patients,pza_waynes_m,7,0,0,432,1,1,1,1,439,7
AZE,Previously treated,pza_waynes_m,26,0,15,177,0.634146341,1,1,0.921875,218,26
BGD,Previously treated,pza_waynes_m,7,0,13,4,0.35,1,1,0.235294118,24,7
BLR,Previously treated,pza_waynes_m,39,0,2,14,0.951219512,1,1,0.875,55,39
PAK,Previously treated,pza_waynes_m,8,2,5,17,0.615384615,0.894736842,0.8,0.772727273,32,10
PHL,Previously treated,pza_waynes_m,0,0,0,0,,,,,0,0
UKR,Previously treated,pza_waynes_m,43,4,60,75,0.417475728,0.949367089,0.914893617,0.555555556,182,47
ZAF_GP,Previously treated,pza_waynes_m,6,0,0,138,1,1,1,1,144,6
ZAF_KZN,Previously treated,pza_waynes_m,10,0,5,111,0.666666667,1,1,0.956896552,126,10
AZE,Rif resistant,pza_waynes_m,53,0,26,50,0.670886076,1,1,0.657894737,129,53
BGD,Rif resistant,pza_waynes_m,8,0,13,3,0.380952381,1,1,0.1875,24,8
BLR,Rif resistant,pza_waynes_m,71,1,8,18,0.898734177,0.947368421,0.986111111,0.692307692,98,72
Global,Rif resistant,pza_waynes_m,270,10,140,221,0.658536585,0.956709957,0.964285714,0.612188366,641,280
PAK,Rif resistant,pza_waynes_m,18,2,13,13,0.580645161,0.866666667,0.9,0.5,46,20
PHL,Rif resistant,pza_waynes_m,0,0,0,0,,,,,0,0
UKR,Rif resistant,pza_waynes_m,89,7,78,94,0.532934132,0.930693069,0.927083333,0.546511628,268,96
ZAF_GP,Rif resistant,pza_waynes_m,16,0,0,26,1,1,1,1,42,16
ZAF_KZN,Rif resistant,pza_waynes_m,15,0,2,17,0.882352941,1,1,0.894736842,34,15
AZE,Rif susceptible,pza_waynes_m,12,0,2,602,0.857142857,1,1,0.996688742,616,12
BGD,Rif susceptible,pza_waynes_m,7,0,8,34,0.466666667,1,1,0.80952381,49,7
BLR,Rif susceptible,pza_waynes_m,4,0,1,94,0.8,1,1,0.989473684,99,4
Global,Rif susceptible,pza_waynes_m,40,0,115,2737,0.258064516,1,1,0.959677419,2892,40
PAK,Rif susceptible,pza_waynes_m,2,0,5,91,0.285714286,1,1,0.947916667,98,2
PHL,Rif susceptible,pza_waynes_m,0,0,0,0,,,,,0,0
UKR,Rif susceptible,pza_waynes_m,4,0,94,455,0.040816327,1,1,0.828779599,553,4
ZAF_GP,Rif susceptible,pza_waynes_m,7,0,1,819,0.875,1,1,0.998780488,827,7
ZAF_KZN,Rif susceptible,pza_waynes_m,4,0,4,642,0.5,1,1,0.99380805,650,4
AZE,All patients,rif,117,1,11,616,0.9140625,0.998379254,0.991525424,0.98245614,745,118
BGD,All patients,rif,43,9,18,871,0.704918033,0.989772727,0.826923077,0.979752531,941,52
BLR,All patients,rif,83,3,10,95,0.892473118,0.969387755,0.965116279,0.904761905,191,86
Global,All patients,rif,740,35,129,6099,0.85155351,0.994294098,0.95483871,0.979287091,7003,775
PAK,All patients,rif,61,2,32,1360,0.655913978,0.998531571,0.968253968,0.977011494,1455,63
PHL,All patients,rif,62,10,9,915,0.873239437,0.989189189,0.861111111,0.99025974,996,72
UKR,All patients,rif,314,6,37,783,0.894586895,0.992395437,0.98125,0.954878049,1140,320
ZAF_GP,All patients,rif,31,4,8,801,0.794871795,0.995031056,0.885714286,0.990111248,844,35
ZAF_KZN,All patients,rif,29,0,4,658,0.878787879,1,1,0.993957704,691,29
AZE,New Patients,rif,60,1,7,458,0.895522388,0.997821351,0.983606557,0.984946237,526,61
BGD,New Patients,rif,6,3,5,726,0.545454545,0.995884774,0.666666667,0.993160055,740,9
BLR,New Patients,rif,41,3,9,86,0.82,0.966292135,0.931818182,0.905263158,139,44
PAK,New Patients,rif,34,2,18,1206,0.653846154,0.998344371,0.944444444,0.985294118,1260,36
PHL,New Patients,rif,35,8,7,858,0.833333333,0.990762125,0.813953488,0.991907514,908,43
UKR,New Patients,rif,188,5,25,684,0.882629108,0.992743106,0.974093264,0.964739069,902,193
ZAF_GP,New Patients,rif,19,2,5,594,0.791666667,0.996644295,0.904761905,0.991652755,620,21
ZAF_KZN,New Patients,rif,13,0,3,428,0.8125,1,1,0.993039443,444,13
AZE,Previously treated,rif,57,0,4,158,0.93442623,1,1,0.975308642,219,57
BGD,Previously treated,rif,37,6,13,144,0.74,0.96,0.860465116,0.917197452,200,43
BLR,Previously treated,rif,42,0,1,9,0.976744186,1,1,0.9,52,42
PAK,Previously treated,rif,27,0,14,154,0.658536585,1,1,0.916666667,195,27
PHL,Previously treated,rif,0,0,0,0,,,,,0,0
UKR,Previously treated,rif,126,1,12,99,0.913043478,0.99,0.992125984,0.891891892,238,127
ZAF_GP,Previously treated,rif,9,0,3,129,0.75,1,1,0.977272727,141,9
ZAF_KZN,Previously treated,rif,15,0,0,113,1,1,1,1,128,15
